{"sum_price": 660682768, "min_price": 10419, "max_price": 499784, "avr_price": 256078.59224806202, "std_price": 139672.6484215073}{"no_camera": 1077, "26 MP": 20, "95 MP": 14, "88 MP": 17, "105 MP": 17, "19 MP": 17, "125 MP": 19, "98 MP": 22, "17 MP": 9, "22 MP": 7, "58 MP": 18, "108 MP": 19, "50 MP": 11, "27 MP": 13, "49 MP": 5, "37 MP": 12, "18 MP": 21, "66 MP": 11, "96 MP": 16, "60 MP": 13, "63 MP": 15, "87 MP": 17, "94 MP": 14, "113 MP": 13, "43 MP": 11, "118 MP": 12, "75 MP": 17, "128 MP": 14, "62 MP": 18, "114 MP": 7, "104 MP": 17, "119 MP": 7, "69 MP": 15, "116 MP": 12, "109 MP": 11, "52 MP": 22, "115 MP": 9, "126 MP": 8, "73 MP": 10, "36 MP": 15, "102 MP": 12, "92 MP": 13, "35 MP": 16, "28 MP": 5, "112 MP": 12, "32 MP": 12, "79 MP": 19, "42 MP": 13, "91 MP": 19, "106 MP": 5, "46 MP": 12, "120 MP": 10, "123 MP": 8, "48 MP": 19, "55 MP": 14, "77 MP": 17, "117 MP": 13, "80 MP": 16, "127 MP": 11, "21 MP": 9, "124 MP": 12, "90 MP": 13, "30 MP": 14, "33 MP": 14, "29 MP": 9, "101 MP": 16, "107 MP": 17, "76 MP": 20, "100 MP": 22, "122 MP": 17, "97 MP": 16, "89 MP": 13, "68 MP": 12, "23 MP": 8, "31 MP": 8, "121 MP": 16, "70 MP": 15, "45 MP": 13, "20 MP": 20, "111 MP": 14, "93 MP": 10, "82 MP": 9, "71 MP": 20, "40 MP": 13, "44 MP": 13, "34 MP": 8, "99 MP": 12, "72 MP": 17, "51 MP": 12, "16 MP": 9, "110 MP": 15, "61 MP": 15, "83 MP": 16, "85 MP": 9, "56 MP": 11, "84 MP": 8, "24 MP": 15, "64 MP": 13, "39 MP": 8, "59 MP": 17, "74 MP": 18, "53 MP": 11, "25 MP": 13, "57 MP": 16, "65 MP": 10, "81 MP": 11, "47 MP": 12, "38 MP": 9, "54 MP": 10, "86 MP": 10, "67 MP": 5, "103 MP": 14, "41 MP": 13, "78 MP": 12}