{"sum_weight": 32914, "min_weight": 133, "max_weight": 367, "avr_weight": 192.4795321637427, "std_weight": 30.401182183345682}{"no_camera": 1, " 5 ΜΟ": 2, " 13 ΜΟ; f/1.8": 3, " 8 ΜΟ; f/2.2": 3, " 2 ΜΟ": 1, " 8 ΜΟ": 1, " 13 ΜΟ; f/1.8; 27 μμ; 77°": 1, " 12 ΜΟ; f/2.2; 29 μμ; 1/3\"": 1, " 8 ΜΟ; f/2.0": 2, " 12 ΜΟ; f/2.2": 2, " 50 ΜΟ; f/1.8; 26 μμ": 6, " 12 ΜΟ; f/1.8; 28 μμ; Apple iSight Camera": 2, " 13 ΜΟ; f/2.2; 25 μμ": 2, " 12 ΜΟ / ξοςθχερκθι ησμ; f/1.8; 26 μμ; Apple iSight Camera,\n                            1/2.55\"": 1, " 13 ΜΟ; f/2.2; 26 μμ; 1/3.06\"": 1, " 12 ΜΟ; f/1.5; 26 μμ; Apple iSight Camera": 6, " 12 ΜΟ; f/1.6; 26 μμ; Apple iSight Camera": 18, " 12 ΜΟ; f/1.8; 26 μμ; Apple iSight Camera, 1/2.55\"": 5, " 64 ΜΟ; f/1.8; 26 μμ; 1/1.97\"": 5, " 50 ΜΟ / πΰημεπ οθκρελ 1.29 μκμ; f/1.8; 102°": 3, " 50 ΜΟ; f/1.8; Samsung S5KJN1, 1/2.76\"": 4, " 50+2+2 Μο": 1, " 50 ΜΟ; f/1.8": 4, " 12 ΜΟ; f/1.8; 28 μμ; 1/3\"": 3, " 50 ΜΟ; f/1.8; 27 μμ; 1/2.76\"": 2, " 50 ΜΟ; f/1.8; 26 μμ; 1/2.76\"": 5, " 50 ΜΟ; f/1.8; 102°": 2, " 48 ΜΟ; f/1.8; 26 μμ": 1, " 13 ΜΟ; f/1.8; 1/3.1\"": 1, " 48 ΜΟ; f/1.8": 2, " 50 ΜΟ; f/1.8; 26 μμ; 1/2\"": 1, " 48 ΜΟ; f/1.8; 26 μμ; 1/4\"": 1, " 12 ΜΟ; f/1.5; 26 μμ; Samsung S5K2L3, 1/2.55\"": 1, " 48 ΜΟ; f/1.8; 26 μμ; 1/2\"": 1, " 48 ΜΟ; f/1.8; 24 μμ; Apple iSight Camera": 8, " 64 ΜΟ; f/1.8; 26 μμ": 4, " 64 ΜΟ; f/1.8; 1/2.0\"": 2, " 12 ΜΟ; f/1.5; Apple iSight Camera": 8, " 12 ΜΟ; f/1.8; 26 μμ; 1/1.76\"": 3, " 12 ΜΟ; f/1.8; 26 μμ; 79°; 1/1.76\"": 4, " 64 ΜΟ; f/1.7; 26 μμ; 1/1.7\"": 1, " 108 ΜΟ; f/1.9; 26 μμ; 1/1.52\"": 9, " 12 ΜΟ; f/1.5; 26 μμ; Samsung S5K2L3, 1/2.5\"": 1, " 50 ΜΟ; f/1.8; 27 μμ": 1, " 12 ΜΟ / ξοςθχερκθι ησμ (2υ); f/1.5; 26 μμ; Samsung SAK2L3,\n                            1/2.55\", 1/2.55\"": 1, " 108 ΜΟ; f/1.8; 26 μμ; 1/1.67\"": 2, " 50 ΜΟ; f/1.8; 25 μμ; 1/2.76\"": 1, " 50 ΜΟ; f/1.6; Samsung S5KJN1, 1/2.76\"": 1, " 108 ΜΟ; f/1.9; 26 μμ; Samsung ISOCELL HM2, 1/1.52\"": 3, " 50 ΜΟ; f/1.8; 24 μμ; 85°; 1/1.56\"": 4, " 12 ΜΟ; f/1.8; 24 μμ": 3, " 108 ΜΟ; f/1.8; 24 μμ; 85°; 1/1.33\"": 3, " 50 ΜΟ; f/1.9; 26 μμ; Sony IMX766, 1/1.56\"": 1, " 50 ΜΟ; f/1.9; 26 μμ; 1/1.56\"": 5, " 108 ΜΟ; f/1.75; 26 μμ; 1/1.52\"": 2, " 50 ΜΟ; f/1.85; 82°; 1/1.31\"": 1, " 50 ΜΟ; f/1.88; 24 μμ; Sony IMX766, 1/1.56\"": 2, " 108 ΜΟ; f/1.65; Samsung HM6, 1/1.67\"": 2, " 64 ΜΟ; f/1.9; 1/1.73\"": 1, " 12 ΜΟ f/1.8 27 μμ 78 ° 1/2.55\"": 1, " 54 ΜΟ; f/1.9; 1/1.49\"": 1, " 64 ΜΟ; f/1.8; 26 μμ; 1/1.97": 1, " 48 ΜΟ; f/1.8; 23 μμ; 1/1.43\"": 2, " 50 ΜΟ; f/1.9; 24 μμ; Sony IMX766, 1/1.56\"": 2, " 50 ΜΟ; f/1.9; 24 μμ; 1/1.28\"": 1, " 50 ΜΟ; f/1.9; 26 μμ; 82°; 1/1.31\"": 1, " 50 ΜΟ; f/1.8; 24 μμ; 85°": 2, " 200 ΜΟ; f/1.69; 1/1.22\"": 1}