{"sum_tur": 10670, "min_tur": 6, "max_tur": 15, "avr_tur": 10.68068068068068, "std_tur": 2.8536368450178173}{"Swiss": 349, "Olympic": 335, "circular": 315}